paramSetId,polyModulusDegree,op,status,meanMs,medianMs,stdDevMs,ciphertextBytes
N1024,1024,encode,ok,0.0872,0.0825,0.0189,16497
N1024,1024,encrypt,ok,0.2811,0.2670,0.0499,16497
N1024,1024,add,ok,0.0153,0.0126,0.0079,16497
N1024,1024,multiply,unsupported,,,,16497
N1024,1024,relinearize,unsupported,,,,16497
N1024,1024,rescale,unsupported,,,,16497
N1024,1024,rotate,unsupported,,,,16497
N1024,1024,decrypt,ok,0.0268,0.0236,0.0080,16497
N1024,1024,decode,ok,0.0652,0.0620,0.0063,16497
N2048,2048,encode,ok,0.1293,0.1271,0.0063,65649
N2048,2048,encrypt,ok,0.9807,0.9601,0.0929,65649
N2048,2048,add,ok,0.0293,0.0266,0.0052,65649
N2048,2048,multiply,ok,0.1669,0.1613,0.0123,65649
N2048,2048,relinearize,ok,0.8615,0.8038,0.1292,65649
N2048,2048,rescale,ok,0.9447,0.9334,0.0408,65649
N2048,2048,rotate,ok,0.6556,0.6338,0.0576,65649
N2048,2048,decrypt,ok,0.0654,0.0661,0.0087,65649
N2048,2048,decode,ok,0.2202,0.2071,0.0326,65649
N4096,4096,encode,ok,0.3382,0.2642,0.3506,131185
N4096,4096,encrypt,ok,1.9614,1.9561,0.0220,131185
N4096,4096,add,ok,0.0524,0.0477,0.0120,131185
N4096,4096,multiply,ok,0.3618,0.3120,0.2427,131185
N4096,4096,relinearize,ok,1.6789,1.6404,0.1699,131185
N4096,4096,rescale,ok,1.9788,1.9628,0.0418,131185
N4096,4096,rotate,ok,1.3461,1.3384,0.0224,131185
N4096,4096,decrypt,ok,0.1341,0.0975,0.1818,131185
N4096,4096,decode,ok,0.4116,0.4001,0.0396,131185
N8192,8192,encode,ok,0.8313,0.7538,0.3678,393329
N8192,8192,encrypt,ok,5.2528,5.1191,0.4090,393329
N8192,8192,add,ok,0.2287,0.1421,0.4479,393329
N8192,8192,multiply,ok,1.0561,1.0414,0.0522,393329
N8192,8192,relinearize,ok,5.7477,5.5439,0.6658,393329
N8192,8192,rescale,ok,6.6828,6.6459,0.1442,393329
N8192,8192,rotate,ok,4.7520,4.6240,0.4684,393329
N8192,8192,decrypt,ok,0.2923,0.2816,0.0437,393329
N8192,8192,decode,ok,1.3007,1.2800,0.0801,393329
N16384,16384,encode,ok,2.9879,2.9526,0.1464,1572977
N16384,16384,encrypt,ok,18.1019,17.6725,1.9021,1572977
N16384,16384,add,ok,1.1143,0.7055,2.2166,1572977
N16384,16384,multiply,ok,4.3209,4.2773,0.1260,1572977
N16384,16384,relinearize,ok,29.7364,29.5416,0.6688,1572977
N16384,16384,rescale,ok,35.1590,34.5652,2.4707,1572977
N16384,16384,rotate,ok,26.4448,25.7682,3.1545,1572977
N16384,16384,decrypt,ok,1.1505,1.1291,0.0606,1572977
N16384,16384,decode,ok,6.7183,6.7330,0.1411,1572977